"","instname","academicyear","fte_count","grad_rate_150_p"
"128280","The University of Alabama",2007,21630.890625,0.651006711409396
"128281","The University of Alabama",2008,23499.404398,0.644487427466151
"128282","The University of Alabama",2009,24873.39006,0.659289067739772
"128283","The University of Alabama",2010,26378.53837,0.672644376899696
"128326","Auburn University Main Campus",2002,20491.409768,0.675083662914512
"128327","Auburn University Main Campus",2003,21235.835096,0.675796178343949
"128328","Auburn University Main Campus",2004,21271.348563,0.649698960043788
"128329","Auburn University Main Campus",2005,20980.81933,0.619008935824533
"128330","Auburn University Main Campus",2006,21318.007974,0.627298627298627
"128331","Auburn University Main Campus",2007,21457.345703125,0.633859320673977
"128332","Auburn University Main Campus",2008,21940.537874,0.641513982642237
"128333","Auburn University Main Campus",2009,22279.20028,0.670910075839653
"128334","Auburn University Main Campus",2010,22364.690711,0.664431405420508
"129204","Arizona State University at the Tempe Campus",2002,38601.683438,0.519120219945014
"129205","Arizona State University at the Tempe Campus",2003,40085.987288,0.520048602673147
"129206","Arizona State University at the Tempe Campus",2004,41617.111792,0.545760572270145
"129207","Arizona State University at the Tempe Campus",2005,42189.046971,0.549333333333333
"129208","Arizona State University at the Tempe Campus",2006,44279.247997,0.56376887038001
"129209","Arizona State University at the Tempe Campus",2007,42791.8359375,0.55546218487395
"129210","Arizona State University at the Tempe Campus",2008,42605.172463,0.559894978667542
"129211","Arizona State University",2009,57636.001189,0.557593543653705
"129212","Arizona State University",2010,59849.731356,0.590929041697147
"129226","University of Arizona",2002,31519.125622,0.545681477783325
"129227","University of Arizona",2003,32343.90879,0.547054840893703
"129228","University of Arizona",2004,32835.493533,0.570558176100629
"129229","University of Arizona",2005,32982.895059,0.589153335934452
"129230","University of Arizona",2006,33197.567529,0.564394635311409
"129231","University of Arizona",2007,32946.10546875,0.560852104068448
"129232","University of Arizona",2008,33447.343826,0.571708533760912
"129233","University of Arizona",2009,34273.773878,0.583910034602076
"129234","University of Arizona",2010,35289.285385,0.597376931369026
"129816","Western International University",2006,50543.737387,0.523809523809524
"130867","American River College",2002,35391.620278,0.320711417096959
"130868","American River College",2003,43873.441123,0.319066147859922
"130869","American River College",2004,32690.429926,0.318261890780975
"130870","American River College",2005,36521.407173,0.312799043062201
"130871","American River College",2006,37454.39826,0.315733896515312
"130872","American River College",2007,38840.16796875,0.196378830083565
"130873","American River College",2008,42167.700629,0.192438114615124
"130874","American River College",2009,43330.315848,0.20517691759677
"130875","American River College",2010,44972.10861,0.208072523203108
"131306","California State University-Fullerton",2002,23925.251088,0.467455621301775
"131307","California State University-Fullerton",2003,25410.419545,0.475821167883212
"131308","California State University-Fullerton",2004,25571.625483,0.494874184529357
"131309","California State University-Fullerton",2005,26151.303845,0.482311320754717
"131310","California State University-Fullerton",2006,28018.809138,0.490772128060264
"131311","California State University-Fullerton",2007,28630.87890625,0.498917748917749
"131312","California State University-Fullerton",2008,29821.27235,0.490428441203282
"131313","California State University-Fullerton",2009,30084.461079,0.516462233699161
"131314","California State University-Fullerton",2010,29677.099627,0.514269567674484
"131328","California State University-Long Beach",2002,27330.186307,0.396259243149195
"131329","California State University-Long Beach",2003,28252.215159,0.423138510808647
"131330","California State University-Long Beach",2004,28400.755799,0.464555052790347
"131331","California State University-Long Beach",2005,27657.392777,0.462677546086431
"131332","California State University-Long Beach",2006,28845.602006,0.477909147479776
"131333","California State University-Long Beach",2007,29815.884765625,0.46831637372803
"131334","California State University-Long Beach",2008,30920.465569,0.553228021978022
"131335","California State University-Long Beach",2009,32079.530764,0.544174902665469
"131336","California State University-Long Beach",2010,30172.079419,0.54
"131350","California State University-Northridge",2002,24910.438745,0.301761252446184
"131351","California State University-Northridge",2003,26738.07894,0.32177033492823
"131352","California State University-Northridge",2004,26827.100712,0.36319073083779
"131353","California State University-Northridge",2005,25139.019693,0.364747634069401
"131354","California State University-Northridge",2006,26883.680568,0.40036496350365
"131355","California State University-Northridge",2007,27822.482421875,0.40530303030303
"131356","California State University-Northridge",2008,28579.452637,0.410573678290214
"131357","California State University-Northridge",2009,29835.022582,0.437304520898493
"131358","California State University-Northridge",2010,28674.053081,0.478927203065134
"131361","California State University-Sacramento",2002,21842.33836,0.358166189111748
"131362","California State University-Sacramento",2003,23254.654258,0.391851851851852
"131363","California State University-Sacramento",2004,23391.025819,0.396728016359918
"131364","California State University-Sacramento",2005,23210.000406,0.40844266970907
"131365","California State University-Sacramento",2006,23370.174041,0.420924574209246
"131366","California State University-Sacramento",2007,23785.90234375,0.423617208077261
"131367","California State University-Sacramento",2008,23907.730358,0.415475189234651
"131368","California State University-Sacramento",2009,24236.04838,0.438858116744781
"131369","California State University-Sacramento",2010,25136.223903,0.420194003527337
"131375","University of California-Berkeley",2002,30518.685033,0.835524550576871
"131376","University of California-Berkeley",2003,31457.828381,0.854166666666667
"131377","University of California-Berkeley",2004,31497.716488,0.865687583444593
"131378","University of California-Berkeley",2005,31243.911987,0.871322518559252
"131379","University of California-Berkeley",2006,31892.801097,0.888948211425521
"131380","University of California-Berkeley",2007,32763.2734375,0.880686249025214
"131381","University of California-Berkeley",2008,33854.683295,0.896448087431694
"131382","University of California-Berkeley",2009,34304.245726,0.901719901719902
"131383","University of California-Berkeley",2010,34749.392635,0.910984848484849
"131386","University of California-Davis",2002,25502.059896,0.782102272727273
"131387","University of California-Davis",2003,27318.30833,0.811226611226611
"131388","University of California-Davis",2004,27641.029048,0.814529220779221
"131389","University of California-Davis",2005,27567.515036,0.801152737752161
"131390","University of California-Davis",2006,27260.519792,0.808752025931929
"131391","University of California-Davis",2007,28010.802734375,0.791136363636364
"131392","University of California-Davis",2008,28867.726893,0.813883516011176
"131393","University of California-Davis",2009,29639.688649,0.798324607329843
"131394","University of California-Davis",2010,30358.781171,0.823432730687955
"131397","University of California-Irvine",2002,21157.52811,0.762201113658696
"131398","University of California-Irvine",2003,23053.986937,0.78741947707465
"131399","University of California-Irvine",2004,23512.922388,0.797829036635007
"131400","University of California-Irvine",2005,23585.743808,0.799548914575698
"131401","University of California-Irvine",2006,23723.489575,0.79358938933407
"131402","University of California-Irvine",2007,24568.787109375,0.796036126442549
"131403","University of California-Irvine",2008,25839.042773,0.810244764067626
"131404","University of California-Irvine",2009,26301.210752,0.817003241087011
"131405","University of California-Irvine",2010,26542.567843,0.825749167591565
"131408","University of California-Los Angeles",2002,36514.833048,0.845509295627128
"131409","University of California-Los Angeles",2003,36669.439897,0.866964051430071
"131410","University of California-Los Angeles",2004,36145.642589,0.872380952380952
"131411","University of California-Los Angeles",2005,35178.776471,0.873788759689923
"131412","University of California-Los Angeles",2006,34909.057283,0.893444576877235
"131413","University of California-Los Angeles",2007,35892.8671875,0.899787785899552
"131414","University of California-Los Angeles",2008,36732.646648,0.892101551480959
"131415","University of California-Los Angeles",2009,37429.677281,0.892455482661668
"131416","University of California-Los Angeles",2010,37709.986467,0.897876914807847
"131430","University of California-San Diego",2002,20989.977087,0.81224337439343
"131431","University of California-San Diego",2003,22883.159657,0.829009065332917
"131432","University of California-San Diego",2004,23475.834903,0.826453751129858
"131433","University of California-San Diego",2005,23995.723971,0.845677099473195
"131434","University of California-San Diego",2006,24552.278832,0.858744394618834
"131435","University of California-San Diego",2007,25521.501953125,0.843004270283848
"131436","University of California-San Diego",2008,26466.124691,0.851520150836672
"131437","University of California-San Diego",2009,27008.211409,0.843906291129245
"131438","University of California-San Diego",2010,27863.277188,0.86060918946825
"131453","University of California-Santa Barbara",2003,20074.010133,0.735468245425188
"131454","University of California-Santa Barbara",2004,20358.242661,0.751966292134831
"131455","University of California-Santa Barbara",2005,20588.003822,0.787426744805541
"131456","University of California-Santa Barbara",2006,20570.008627,0.784579164214244
"131457","University of California-Santa Barbara",2007,20687.513671875,0.799338478500551
"131458","University of California-Santa Barbara",2008,21053.718431,0.814776002095887
"131459","University of California-Santa Barbara",2009,21502.907782,0.80176322418136
"131460","University of California-Santa Barbara",2010,22428.716192,0.794170750580346
"131896","City College of San Francisco",2006,20151.268597,0.384615384615385
"131897","City College of San Francisco",2007,20510.416015625,0.276515151515151
"131898","City College of San Francisco",2008,21272.631028,0.271580010095911
"131964","Coastline Community College",2002,24946.995654,0.389776357827476
"131965","Coastline Community College",2003,25668.395439,0.410714285714286
"131966","Coastline Community College",2004,23735.634298,0.391711229946524
"131967","Coastline Community College",2005,24752.679042,0.431697612732096
"131968","Coastline Community College",2006,24320.401217,0.401157613535174
"131969","Coastline Community College",2007,24238.13671875,0.321695760598504
"131970","Coastline Community College",2008,26190.971916,0.299568965517241
"131971","Coastline Community College",2009,26754.697853,0.329172714078374
"131972","Coastline Community College",2010,27067.216418,0.320610687022901
"132082","Contra Costa College",2003,21534.65508,0.376222723852521
"132083","Contra Costa College",2004,20153.618219,0.383506805444356
"132088","Contra Costa College",2009,20892.420745,0.281101111699312
"132089","Contra Costa College",2010,22479.163254,0.273364485981308
"132131","Cypress College",2003,20898.724055,0.266990291262136
"132134","Cypress College",2006,22616.605454,0.349890430971512
"132136","Cypress College",2008,20643.788775,0.241691842900302
"132137","Cypress College",2009,21785.66892,0.254961318533468
"132138","Cypress College",2010,22397.45895,0.252644679527069
"132151","De Anza College",2002,21936.877591,0.416509611760271
"132152","De Anza College",2003,23012.346933,0.406004288777698
"132153","De Anza College",2004,23837.322523,0.44880174291939
"132154","De Anza College",2005,21836.557754,0.427782162588792
"132155","De Anza College",2006,22053.278854,0.430944963655244
"132156","De Anza College",2007,22075.072265625,0.542984409799555
"132157","De Anza College",2008,23328.78976,0.458005249343832
"132158","De Anza College",2009,25190.638732,0.544244604316547
"132159","De Anza College",2010,25309.76432,0.561320754716981
"133133","Los Angeles City College",2002,68418.073852,0.303341902313625
"133134","Los Angeles City College",2003,69247.816406,0.335507921714818
"133135","Los Angeles City College",2004,62322.624442,0.305726872246696
"133136","Los Angeles City College",2005,61242.843952,0.313192346424975
"133137","Los Angeles City College",2006,62092.766109,0.313688212927757
"133138","Los Angeles City College",2007,63500.4375,0.20060275004709
"133139","Los Angeles City College",2008,66125.95243,0.168492377188029
"133140","Los Angeles City College",2009,76155.646163,0.187568756875688
"133141","Los Angeles City College",2010,76771.302812,0.18637239446488
"134302","Santa Ana College",2008,20581.431001,0.262390670553936
"134303","Santa Ana College",2009,20902.539166,0.257246376811594
"134523","San Diego Mesa College",2002,26346.676309,0.250322580645161
"134524","San Diego Mesa College",2003,28852.012449,0.271929824561404
"134525","San Diego Mesa College",2004,23148.31567,0.264880952380952
"134526","San Diego Mesa College",2005,23175.176108,0.302056555269923
"134527","San Diego Mesa College",2006,22483.010479,0.290322580645161
"134528","San Diego Mesa College",2007,22690.2158203125,0.220667384284177
"134529","San Diego Mesa College",2008,23628.171002,0.200246457178065
"134530","San Diego Mesa College",2009,25332.111791,0.238904109589041
"134531","San Diego Mesa College",2010,24569.403411,0.221238938053097
"134534","San Diego State University",2002,28290.518017,0.381361760660248
"134535","San Diego State University",2003,29494.316949,0.439827127659574
"134536","San Diego State University",2004,28312.349961,0.464833759590793
"134537","San Diego State University",2005,27876.33222,0.529640084685956
"134538","San Diego State University",2006,28007.415448,0.583302684810592
"134539","San Diego State University",2007,29447.623046875,0.564110245656081
"134540","San Diego State University",2008,31604.305891,0.612506826870563
"134541","San Diego State University",2009,31222.155163,0.66296079578701
"134542","San Diego State University",2010,29383.672165,0.661752197334845
"134599","San Francisco State University",2002,21482.832286,0.378691372321946
"134600","San Francisco State University",2003,22802.628916,0.385103926096998
"134601","San Francisco State University",2004,24179.022949,0.403324099722992
"134602","San Francisco State University",2005,23808.716284,0.402528977871444
"134603","San Francisco State University",2006,24114.572988,0.424064171122995
"134604","San Francisco State University",2007,24809.46875,0.441758241758242
"134605","San Francisco State University",2008,25588.947215,0.436619718309859
"134606","San Francisco State University",2009,25761.91238,0.475338280226975
"134607","San Francisco State University",2010,25926.960388,0.480102227090179
"134686","San Jose State University",2002,21800.051288,0.360232408005165
"134687","San Jose State University",2003,23700.546083,0.393578456758156
"134688","San Jose State University",2004,22644.133449,0.381049414161997
"134689","San Jose State University",2005,23029.100659,0.408824853669518
"134690","San Jose State University",2006,23897.178005,0.413865546218487
"134691","San Jose State University",2007,24170.14453125,0.419868063639891
"134692","San Jose State University",2008,26233.341445,0.41439304072756
"134693","San Jose State University",2009,27289.605181,0.463991203958219
"134694","San Jose State University",2010,25538.045603,0.480228471001757
"135122","University of Southern California",2002,27360.831935,0.762584791146019
"135123","University of Southern California",2003,28019.861571,0.80594849474066
"135124","University of Southern California",2004,28753.044923,0.821212121212121
"135125","University of Southern California",2005,29809.474148,0.828136073706591
"135126","University of Southern California",2006,30365.111117,0.840495015469233
"135127","University of Southern California",2007,30812.013741,0.845763939174511
"135128","University of Southern California",2008,30768.299356,0.8794042862332
"135129","University of Southern California",2009,31140.45221,0.878410239137757
"135130","University of Southern California",2010,32207.295204,0.888808402752626
"135294","Ventura College",2003,20444.689702,0.27992277992278
"135300","Ventura College",2009,21618.107716,0.418090452261307
"135301","Ventura College",2010,22642.081201,0.399481193255512
"135702","University of Colorado at Boulder",2002,26099.644523,0.666582342524665
"135703","University of Colorado at Boulder",2003,27399.606483,0.678093449166471
"135704","University of Colorado at Boulder",2004,28488.604133,0.662444288060052
"135705","University of Colorado at Boulder",2005,28525.569079,0.661606160616062
"135706","University of Colorado at Boulder",2006,27919.255125,0.656231424608678
"135707","University of Colorado at Boulder",2007,28078.95703125,0.673921805723499
"135708","University of Colorado at Boulder",2008,28171.165915,0.665426817928213
"135709","University of Colorado at Boulder",2009,28994.80784,0.669628286491387
"135710","University of Colorado at Boulder",2010,29530.614427,0.678766588602654
"135809","Colorado State University",2002,23724.477743,0.631168831168831
"135810","Colorado State University",2003,24423.120924,0.621032504780115
"135811","Colorado State University",2004,24251.304085,0.638705416116248
"135812","Colorado State University",2005,24294.73106,0.629713914174252
"135813","Colorado State University",2006,24030.882938,0.637654320987654
"135814","Colorado State University",2007,23815.322265625,0.623133315232148
"135815","Colorado State University",2008,24037.930699,0.631245043616178
"135816","Colorado State University",2009,24728.105576,0.635120643431635
"135817","Colorado State University",2010,25156.454844,0.639238942426489
"136563","University of Connecticut",2002,20835.710247,0.632222222222222
"136564","University of Connecticut",2003,22395.05377,0.641263940520446
"136565","University of Connecticut",2004,23315.843513,0.655654383735705
"136566","University of Connecticut",2005,24157.595081,0.662933930571109
"136567","University of Connecticut",2006,24753.438135,0.683031869078381
"136568","University of Connecticut",2007,25245.564453125,0.694539699287787
"136569","University of Connecticut",2008,25531.594502,0.707323296759377
"136570","University of Connecticut",2009,26476.859385,0.723690773067332
"136571","University of Connecticut",2010,26293.563987,0.735491606714628
"137468","Strayer University",2009,22713.971096,0.186991869918699
"137469","Strayer University",2010,26208.843934,0.0526315789473684
"137717","University of Central Florida",2002,28730.431128,0.497091896083753
"137718","University of Central Florida",2003,31060.393937,0.535047551954914
"137719","University of Central Florida",2004,33640.247133,0.549314345991561
"137720","University of Central Florida",2005,34806.422739,0.566908835247246
"137721","University of Central Florida",2006,36757.170702,0.577226853883282
"137722","University of Central Florida",2007,38246.640625,0.591491960105842
"137723","University of Central Florida",2008,39639.008534,0.628142589118199
"137724","University of Central Florida",2009,41057.273313,0.631876879532991
"137725","University of Central Florida",2010,43788.529318,0.636252189141856
"137999","Florida International University",2002,23133.414953,0.443661971830986
"138000","Florida International University",2003,24282.355117,0.473074987418218
"138001","Florida International University",2004,24569.710372,0.468792096991468
"138002","Florida International University",2005,25722.549914,0.482272360999194
"138003","Florida International University",2006,27799.410724,0.481409759876065
"138004","Florida International University",2007,28886.740234375,0.492063492063492
"138005","Florida International University",2008,28951.071659,0.487682970367726
"138006","Florida International University",2009,29369.794871,0.464450296247531
"138007","Florida International University",2010,30140.816968,0.45786350148368
"138069","Florida State University",2002,30904.378763,0.632658164541135
"138070","Florida State University",2003,32344.864452,0.628590514362057
"138071","Florida State University",2004,33101.606035,0.65495459928938
"138072","Florida State University",2005,34268.05323,0.664040961008271
"138073","Florida State University",2006,35043.202696,0.682742486953392
"138074","Florida State University",2007,35747.7421875,0.68702693187819
"138075","Florida State University",2008,36327.128087,0.695270054330457
"138076","Florida State University",2009,34603.155449,0.71414424822578
"138077","Florida State University",2010,36022.282214,0.735559858018716
"138102","University of Florida",2002,42591.94421,0.766776252175595
"138103","University of Florida",2003,43394.057081,0.769256586675617
"138104","University of Florida",2004,44381.689687,0.783620536507373
"138105","University of Florida",2005,44370.625991,0.793239901071723
"138106","University of Florida",2006,45946.25236,0.793706293706294
"138107","University of Florida",2007,47008.60546875,0.810132729038524
"138108","University of Florida",2008,47600.262755,0.81642210427724
"138109","University of Florida",2009,47408.086221,0.82458839821511
"138110","University of Florida",2010,46491.352554,0.844736444645824
"138717","Nova Southeastern University",2010,20334.213276,0.405895691609977
"139095","University of South Florida",2002,27620.90358,0.458828522920204
"139096","University of South Florida",2003,29355.681403,0.491744756804998
"139097","University of South Florida",2004,31640.090152,0.466903073286052
"139098","University of South Florida",2005,32879.921797,0.475488625440564
"139099","University of South Florida",2006,33574.323708,0.486746987951807
"139100","University of South Florida",2007,34386.98828125,0.49315803595385
"139101","University of South Florida",2008,35247.04682,0.48090692124105
"139102","University of South Florida",2009,36125.687071,0.482287665386257
"139103","University of South Florida-Main Campus",2010,32247.698516,0.514406358668654
"139321","Valencia Community College",2008,20510.722622,0.376816171825648
"139322","Valencia Community College",2009,22409.889102,0.407702888583219
"139323","Valencia Community College",2010,24781.479329,0.400276052449966
"140097","Georgia State University",2003,21211.357179,0.32109129066107
"140098","Georgia State University",2004,21747.923572,0.406438631790744
"140099","Georgia State University",2005,21436.811536,0.402370203160271
"140100","Georgia State University",2006,20859.773574,0.414361960213489
"140101","Georgia State University",2007,21023.421875,0.471910112359551
"140102","Georgia State University",2008,22135.510838,0.441605839416058
"140103","Georgia State University",2009,23229.481691,0.497916666666667
"140104","Georgia State University",2010,25281.831094,0.481514084507042
"140107","University of Georgia",2002,29472.493287,0.703350585671479
"140108","University of Georgia",2003,29944.843581,0.712971481140754
"140109","University of Georgia",2004,30840.743886,0.723768248175182
"140110","University of Georgia",2005,30388.198623,0.731885714285714
"140111","University of Georgia",2006,30595.496984,0.75279296410744
"140112","University of Georgia",2007,31119.345703125,0.769679300291545
"140113","University of Georgia",2008,31007.974575,0.788883699205979
"140114","University of Georgia",2009,31513.037246,0.797556719022688
"140115","University of Georgia",2010,32477.695129,0.808
"141749","DePaul University",2009,20405.195745,0.633170297910182
"141750","DePaul University",2010,21221.719525,0.676649305555556
"142029","University of Illinois at Chicago",2002,61708.142025,0.685385420299965
"142030","University of Illinois at Chicago",2003,63616.851584,0.69289221416881
"142031","University of Illinois at Chicago",2004,63814.410277,0.692665010262504
"142032","University of Illinois at Chicago",2005,63616.603912,0.73410210479176
"142033","University of Illinois at Chicago",2006,64806.115273,0.720202588632527
"142034","University of Illinois at Chicago",2007,65612.8125,0.722079660827848
"142035","University of Illinois at Chicago",2008,66471.922117,0.711054204011951
"142036","University of Illinois at Chicago",2009,67155.15274,0.739971346704871
"142037","University of Illinois at Chicago",2010,68653.353311,0.758461383950989
"142785","Northern Illinois University",2003,20822.425289,0.528619528619529
"142786","Northern Illinois University",2004,21186.475153,0.51277501774308
"142787","Northern Illinois University",2005,20874.962422,0.533173734610123
"142788","Northern Illinois University",2006,21327.799362,0.483182640144665
"142789","Northern Illinois University",2007,21570.064453125,0.522922636103152
"142790","Northern Illinois University",2008,21546.735921,0.511774461028192
"142791","Northern Illinois University",2009,20875.709786,0.482812016104057
"142792","Northern Illinois University",2010,20753.904877,0.563927719058984
"143863","Ivy Tech Community College-Northcentral",2002,24189.704258,0.0953367875647668
"143864","Ivy Tech Community College-Northcentral",2003,27595.740716,0.0973986690865094
"143865","Ivy Tech Community College-Northcentral",2004,30159.646973,0.112178654894833
"143866","Ivy Tech Community College-Northcentral",2005,32705.821291,0.10263720598717
"143867","Ivy Tech Community College-Northcentral",2006,32529.401351,0.0909685863874346
"143868","Ivy Tech Community College-Northcentral",2007,35119.97265625,0.0850965961361546
"143869","Ivy Tech Community College-Northcentral",2008,38421.996863,0.100419333480468
"143870","Ivy Tech Community College-Northcentral",2009,46519.40041,0.0818394388152767
"143871","Ivy Tech Community College-Northcentral",2010,59289.951357,0.0858208955223881
"143885","Indiana University-Purdue University-Indianapolis",2002,20349.12416,0.215162840363054
"143886","Indiana University-Purdue University-Indianapolis",2003,21226.757643,0.229457364341085
"143887","Indiana University-Purdue University-Indianapolis",2004,21954.527035,0.230494872938029
"143888","Indiana University-Purdue University-Indianapolis",2005,22214.474603,0.260946483856701
"143889","Indiana University-Purdue University-Indianapolis",2006,22368.64506,0.28
"143890","Indiana University-Purdue University-Indianapolis",2007,22467.201171875,0.322772277227723
"143891","Indiana University-Purdue University-Indianapolis",2008,22837.815254,0.323304436511984
"143892","Indiana University-Purdue University-Indianapolis",2009,23347.101162,0.346395742622158
"143893","Indiana University-Purdue University-Indianapolis",2010,23858.977427,0.352941176470588
"144054","Indiana University-Bloomington",2002,34761.96421,0.692160278745645
"144055","Indiana University-Bloomington",2003,35603.430051,0.718295739348371
"144056","Indiana University-Bloomington",2004,35666.665102,0.714371347220141
"144057","Indiana University-Bloomington",2005,34913.040854,0.717897022332506
"144058","Indiana University-Bloomington",2006,35170.094004,0.716238060249816
"144059","Indiana University-Bloomington",2007,35422.56640625,0.719453617532273
"144060","Indiana University-Bloomington",2008,36150.831534,0.729308103423371
"144061","Indiana University-Bloomington",2009,37482.046591,0.737729599518217
"144062","Indiana University-Bloomington",2010,39295.088039,0.713148678764725
"145044","Iowa State University",2002,25437.00826,0.652681300361211
"145045","Iowa State University",2003,25692.809795,0.657349638133267
"145046","Iowa State University",2004,25149.526856,0.664736842105263
"145047","Iowa State University",2005,24339.27642,0.680099502487562
"145048","Iowa State University",2006,23705.002105,0.659271368519384
"145049","Iowa State University",2007,23421.501953125,0.657877533231641
"145050","Iowa State University",2008,24048.647403,0.673626109911207
"145051","Iowa State University",2009,24767.37327,0.693264248704663
"145052","Iowa State University",2010,25945.133121,0.70223189983669
"145077","University of Iowa",2002,24989.947373,0.644236395552955
"145078","University of Iowa",2003,25937.664796,0.645215444879687
"145079","University of Iowa",2004,26101.869261,0.662474332648871
"145080","University of Iowa",2005,24946.707482,0.660618996798292
"145081","University of Iowa",2006,25081.316468,0.654699917785695
"145082","University of Iowa",2007,25307.546875,0.65852417302799
"145083","University of Iowa",2008,25684.818184,0.660483280449109
"145084","University of Iowa",2009,25709.447669,0.685102142501246
"145085","University of Iowa",2010,26091.377566,0.695630336514314
"145246","Ashford University",2009,25518.785694,0.294117647058824
"145247","Ashford University",2010,46763.357126,0.38
"146021","University of Kansas Main Campus",2002,22494.909031,0.566835871404399
"146022","University of Kansas Main Campus",2003,23138.922947,0.58061974789916
"146023","University of Kansas Main Campus",2004,23261.718767,0.574364521362899
"146024","University of Kansas Main Campus",2005,23528.221484,0.593287526427061
"146025","University of Kansas",2006,23594.765975,0.590191794124788
"146026","University of Kansas Main Campus",2007,23397.69921875,0.597415506958251
"146027","University of Kansas",2008,24987.757809,0.597308746573636
"146028","University of Kansas",2009,26406.95911,0.607655502392344
"146029","University of Kansas",2010,26247.754738,0.610473457675753
"146069","Kansas State University",2005,20231.260296,0.557317073170732
"146070","Kansas State University",2006,20079.871193,0.589879376287143
"146071","Kansas State University",2007,20122.1953125,0.582787373436569
"146072","Kansas State University",2008,20184.393539,0.579089275014979
"146073","Kansas State University",2009,20435.804571,0.630083925112976
"146074","Kansas State University",2010,20656.10755,0.599194048357099
"146677","Jefferson Community College",2002,44030.136932373,0.246479654063643
"146678","Jefferson Community College",2003,47319.4296569824,0.148980441115273
"146679","Jefferson Community College",2004,50003.1087341309,0.158023184868822
"146680","Jefferson Community College",2005,50292.1019897461,0.203778366547633
"146681","Jefferson Community and Technical College",2006,50916.46875,0.181164901664145
"146682","Jefferson Community and Technical College",2007,50779.9697265625,0.192960314121442
"146683","Jefferson Community and Technical College",2008,53242.507813,0.218122977346278
"146684","Jefferson Community and Technical College",2009,53299.131184,0.247005795235029
"146685","Jefferson Community and Technical College",2010,61100.498273,0.23899913718723
"146757","University of Kentucky",2002,21100.025006,0.577272727272727
"146758","University of Kentucky",2003,22096.836312,0.610948905109489
"146759","University of Kentucky",2004,22525.003892,0.595701125895599
"146760","University of Kentucky",2005,22840.876931,0.597738876732312
"146761","University of Kentucky",2006,23072.380374,0.590353260869565
"146762","University of Kentucky",2007,23499.625,0.611182934712347
"146763","University of Kentucky",2008,23599.534751,0.577007099945385
"146764","University of Kentucky",2009,24098.43025,0.595474613686534
"146765","University of Kentucky",2010,24431.502768,0.581677419354839
"147507","Louisiana State University and Agricultural & Mechanical College",2002,29289.881637,0.580410821643287
"147508","Louisiana State University and Agricultural & Mechanical College",2003,29540.73893,0.574836821967139
"147509","Louisiana State University and Agricultural & Mechanical College",2004,29426.007802,0.575207264113699
"147510","Louisiana State University and Agricultural & Mechanical College",2005,30034.724026,0.58921322250145
"147511","Louisiana State University and Agricultural & Mechanical College",2006,31711.17268,0.589313880126183
"147512","Louisiana State University and Agricultural & Mechanical College",2007,28014.783203125,0.598772535481396
"147513","Louisiana State University and Agricultural & Mechanical College",2008,26900.532532,0.606963249516441
"147514","Louisiana State University and Agricultural & Mechanical College",2009,27119.322962,0.607949244261989
"147515","Louisiana State University and Agricultural & Mechanical College",2010,26914.205903,0.605762473647224
"148102","University of Maine",2002,25410.46738,0.461284403669725
"148103","University of Maine",2003,26487.424627,0.488108720271801
"148104","University of Maine",2004,27230.044314,0.451200498908637
"148105","University of Maine",2005,27368.672074,0.490816972767574
"148106","University of Maine",2006,27522.202949,0.456577086280057
"148107","University of Maine",2007,27569.001953125,0.503258293838863
"148108","University of Maine",2008,27507.590687,0.504800698283387
"148109","University of Maine",2009,27079.666563,0.502664298401421
"148110","University of Maine",2010,27088.358231,0.476190476190476
"148768","University of Maryland-College Park",2002,30240.936599,0.691155693698785
"148769","University of Maryland-College Park",2003,31272.724537,0.707088607594937
"148770","University of Maryland-College Park",2004,31722.16225,0.731864322852191
"148771","University of Maryland-College Park",2005,31422.150877,0.765176956858693
"148772","University of Maryland-College Park",2006,31972.511267,0.790531941969967
"148773","University of Maryland-College Park",2007,31823.107421875,0.798663902326653
"148774","University of Maryland-College Park",2008,32660.477537,0.817550180133814
"148775","University of Maryland-College Park",2009,33460.083838,0.8168108776267
"148776","University of Maryland-College Park",2010,33754.692157,0.814566363200767
"149408","Boston University",2002,24672.570988,0.748170577845067
"149409","Boston University",2003,25851.820018,0.753371369294606
"149410","Boston University",2004,25962.634346,0.748268449964175
"149411","Boston University",2005,26302.705002,0.770779067013971
"149412","Boston University",2006,27540.004119,0.812636165577342
"149413","Boston University",2007,27835.819241,0.815884476534296
"149414","Boston University",2008,28202.790997,0.800438596491228
"149415","Boston University",2009,27996.165456,0.822267104266599
"149416","Boston University",2010,28135.402139,0.827895220588235
"149819","Harvard University",2002,21052.239072,0.977032898820608
"149820","Harvard University",2003,21269.751992,0.978075517661389
"149821","Harvard University",2004,21256.861017,0.976363636363636
"149822","Harvard University",2005,21193.322984,0.975106253794778
"149823","Harvard University",2006,21492.522345,0.979242979242979
"149824","Harvard University",2007,21983.042843,0.967623701893708
"149825","Harvard University",2008,21903.525162,0.975911056207535
"149826","Harvard University",2009,22198.667434,0.979179424372321
"149827","Harvard University",2010,22935.38371,0.973748473748474
"150038","University of Massachusetts-Boston",2002,46758.571071,0.547041091543709
"150039","University of Massachusetts-Boston",2003,46432.762051,0.557774843182569
"150040","University of Massachusetts-Boston",2004,46667.622307,0.543558850787766
"150041","University of Massachusetts-Boston",2005,46238.44,0.573865321862949
"150042","University of Massachusetts-Boston",2006,47190.828844,0.565283477732178
"150043","University of Massachusetts-Boston",2007,48406.53125,0.571096248909567
"150044","University of Massachusetts-Boston",2008,50224.504271,0.574165636588381
"150045","University of Massachusetts-Boston",2009,52130.242594,0.579376229277887
"150046","University of Massachusetts-Boston",2010,54468.885607,0.601928182199245
"150405","Northeastern University",2007,20402.26535,0.664496230294722
"150406","Northeastern University",2008,21184.167745,0.699492385786802
"150407","Northeastern University",2009,22231.506134,0.752522068095839
"150408","Northeastern University",2010,23120.171197,0.766811279826464
"150927","Baker College of Flint",2004,20787.104767,0.384882243998161
"150928","Baker College of Flint",2005,22868.790573,0.264705882352941
"150929","Baker College of Flint",2006,23929.174102,0.304445930037991
"150930","Baker College of Flint",2007,24594.407317,0.596867278770164
"150931","Baker College of Flint",2008,25579.294328,0.144171779141104
"150932","Baker College of Flint",2009,26826.046824,0.171511627906977
"150933","Baker College of Flint",2010,31828.957772,0.157718120805369
"151018","Central Michigan University",2002,22222.78448,0.474377745241581
"151019","Central Michigan University",2003,22475.292832,0.52299245024022
"151020","Central Michigan University",2004,22406.692034,0.55405819295559
"151021","Central Michigan University",2005,22594.725116,0.553544942153664
"151022","Central Michigan University",2006,22431.093377,0.572887124220079
"151023","Central Michigan University",2007,22358.291015625,0.57174638487208
"151024","Central Michigan University",2008,22300.550431,0.574605855855856
"151025","Central Michigan University",2009,22766.077152,0.571665744327615
"151026","Central Michigan University",2010,22816.277995,0.543454935622318
"151344","Grand Valley State University",2008,20197.614556,0.560320781032078
"151345","Grand Valley State University",2009,20774.580135,0.607645259938838
"151346","Grand Valley State University",2010,21306.715632,0.610709987966306
"151632","University of Michigan-Ann Arbor",2002,36211.202638,0.842342342342342
"151633","University of Michigan-Ann Arbor",2003,36884.758403,0.850948509485095
"151634","University of Michigan-Ann Arbor",2004,37075.247791,0.865538227462914
"151635","University of Michigan-Ann Arbor",2005,37675.652513,0.864641380550063
"151636","University of Michigan-Ann Arbor",2006,38168.698011,0.868961687951138
"151637","University of Michigan-Ann Arbor",2007,38337.06640625,0.882661363225457
"151638","University of Michigan-Ann Arbor",2008,39199.398356,0.88030888030888
"151639","University of Michigan-Ann Arbor",2009,39307.241166,0.894005055976887
"151640","University of Michigan-Ann Arbor",2010,39922.361608,0.896609042553192
"151657","Michigan State University",2002,39423.083417,0.691156254773179
"151658","Michigan State University",2003,40081.965238,0.69499172807941
"151659","Michigan State University",2004,40501.33699,0.713351581508516
"151660","Michigan State University",2005,40989.791014,0.738903806665614
"151661","Michigan State University",2006,41469.666912,0.741319705396062
"151662","Michigan State University",2007,42027.07421875,0.743423042032053
"151663","Michigan State University",2008,42596.865598,0.754284011324691
"151664","Michigan State University",2009,43130.343313,0.771614045441133
"151665","Michigan State University",2010,43579.217017,0.772334293948127
"152148","Wayne State University",2002,20990.684737,0.337078651685393
"152149","Wayne State University",2003,22068.495177,0.309859154929577
"152150","Wayne State University",2004,22911.314164,0.316912972085386
"152151","Wayne State University",2005,23347.573916,0.331321665660833
"152152","Wayne State University",2006,23436.691867,0.359951603145796
"152153","Wayne State University",2007,23482.6484375,0.323748668796592
"152154","Wayne State University",2008,23904.97441,0.33573264781491
"152155","Wayne State University",2009,23123.996486,0.316939890710383
"152156","Wayne State University",2010,23985.846115,0.309338521400778
"152173","Western Michigan University",2002,23917.655237,0.532201217558475
"152174","Western Michigan University",2003,24568.154006,0.561157796451914
"152175","Western Michigan University",2004,24223.308327,0.546810273405137
"152176","Western Michigan University",2005,23272.304491,0.54416550441655
"152177","Western Michigan University",2006,22193.009662,0.541431474373448
"152178","Western Michigan University",2007,21008.12109375,0.535729943007453
"152179","Western Michigan University",2008,20645.963692,0.55110310670869
"152180","Western Michigan University",2009,20917.086701,0.541488857278331
"152181","Western Michigan University",2010,20526.088182,0.521610738255034
"152667","University of Minnesota-Twin Cities",2002,37610.120625,0.537342864185359
"152668","University of Minnesota-Twin Cities",2003,39556.503376,0.544040265385495
"152669","University of Minnesota-Twin Cities",2004,40566.872357,0.564302884615385
"152670","University of Minnesota-Twin Cities",2005,41520.645491,0.607164179104478
"152671","University of Minnesota-Twin Cities",2006,41724.935262,0.606577595066804
"152672","University of Minnesota-Twin Cities",2007,41474.0234375,0.633580528617608
"152673","University of Minnesota-Twin Cities",2008,41927.173489,0.656722200697404
"152674","University of Minnesota-Twin Cities",2009,41992.511521,0.682364341085271
"152675","University of Minnesota-Twin Cities",2010,43254.014807,0.701366414958648
"154683","University of Missouri-Columbia",2002,44964.198346,0.585202189652128
"154684","University of Missouri-Columbia",2003,48046.26219,0.603238095238095
"154685","University of Missouri-Columbia",2004,49273.345433,0.625885269121813
"154686","University of Missouri-Columbia",2005,49720.109299,0.613826815642458
"154687","University of Missouri-Columbia",2006,51117.204802,0.633482661357226
"154688","University of Missouri-Columbia",2007,51631.85546875,0.614838070059484
"154689","University of Missouri-Columbia",2008,52119.681019,0.635789805901846
"154690","University of Missouri-Columbia",2009,54083.437814,0.628341048230551
"154691","University of Missouri-Columbia",2010,56506.645722,0.642909951205087
"155937","University of Nebraska at Lincoln",2002,31170.551631,0.488430795119899
"155938","University of Nebraska at Lincoln",2003,31802.626768,0.532191780821918
"155939","University of Nebraska at Lincoln",2004,31258.892902,0.547962923043759
"155940","University of Nebraska at Lincoln",2005,30523.488174,0.561254685342277
"155941","University of Nebraska-Lincoln",2006,30999.141434,0.556207233626588
"155942","University of Nebraska at Lincoln",2007,31347.060546875,0.564719810576164
"155943","University of Nebraska-Lincoln",2008,32308.467291,0.572277607361963
"155944","University of Nebraska-Lincoln",2009,32996.604029,0.578565830721003
"155945","University of Nebraska-Lincoln",2010,33969.540181,0.578641180137129
"156165","University of Nevada-Las Vegas",2005,21487.859053,0.406460296096904
"156166","University of Nevada-Las Vegas",2006,21987.255929,0.391694195375177
"156167","University of Nevada-Las Vegas",2007,21623.80859375,0.406043046357616
"156168","University of Nevada-Las Vegas",2008,21937.638218,0.40784479122733
"156169","University of Nevada-Las Vegas",2009,22409.317654,0.39446612273856
"156170","University of Nevada-Las Vegas",2010,23059.282078,0.406007751937985
"156494","University of New Hampshire-Main Campus",2002,21522.833218,0.638895616372003
"156495","University of New Hampshire-Main Campus",2003,22643.449309,0.61491988442343
"156496","University of New Hampshire-Main Campus",2004,22867.577023,0.626285714285714
"156497","University of New Hampshire-Main Campus",2005,23262.839183,0.640976543800862
"156498","University of New Hampshire-Main Campus",2006,23681.581286,0.661747481845866
"156499","University of New Hampshire-Main Campus",2007,24421.359375,0.655205122124733
"156500","University of New Hampshire-Main Campus",2008,25170.282602,0.640051238257899
"156501","University of New Hampshire-Main Campus",2009,25811.438513,0.672228571428571
"156502","University of New Hampshire-Main Campus",2010,26274.631006,0.655104712041885
"157547","Rutgers University-Camden",2002,42488.806708,0.693185748875822
"157548","Rutgers University-Camden",2003,43416.401915,0.693664271717832
"157549","Rutgers University-Camden",2004,43792.170398,0.686322686322686
"157550","Rutgers University-Camden",2005,43237.271157,0.693206271134338
"157551","Rutgers University-Camden",2006,42797.462861,0.698718938107733
"157552","Rutgers University-Camden",2007,42825.9453125,0.70298795897131
"157553","Rutgers University-Camden",2008,43631.053501,0.710599078341014
"157554","Rutgers University-Camden",2009,45799.072933,0.73745548721269
"157555","Rutgers University-Camden",2010,47929.051755,0.741467436108821
"157975","University of New Mexico-Main Campus",2002,40736.329609,0.460128617363344
"157976","University of New Mexico-Main Campus",2003,42305.403953,0.423148890670944
"157977","University of New Mexico-Main Campus",2004,44228.290132,0.415636983383042
"157978","University of New Mexico-Main Campus",2005,45154.743743,0.413604060913706
"157979","University of New Mexico-Main Campus",2006,45119.096268,0.40387153541575
"157980","University of New Mexico-Main Campus",2007,45741.6328125,0.44643261608154
"157981","University of New Mexico-Main Campus",2008,46786.241311,0.438225976768743
"157982","University of New Mexico-Main Campus",2009,49054.326605,0.437651331719128
"157983","University of New Mexico-Main Campus",2010,51884.241386,0.445757038787163
"158736","Columbia University in the City of New York",2002,21399.094106,0.918253968253968
"158737","Columbia University in the City of New York",2003,22336.889546,0.9213217938631
"158738","Columbia University in the City of New York",2004,22978.191464,0.929532858273951
"158739","Columbia University in the City of New York",2005,23020.301971,0.922535211267606
"158740","Columbia University in the City of New York",2006,23716.79937,0.93455098934551
"158741","Columbia University in the City of New York",2007,23615.99813,0.927921092564492
"158742","Columbia University in the City of New York",2008,24331.203802,0.925685425685426
"158743","Columbia University in the City of New York",2009,24553.218776,0.936889556724267
"158744","Columbia University in the City of New York",2010,25956.737687,0.925317401045556
"158831","Cornell University",2009,20218.100433,0.918875758543596
"158832","Cornell University",2010,20568.863712,0.928220255653884
"158884","CUNY City College",2002,145348.405879,0.377360804513122
"158885","CUNY City College",2003,153907.672018,0.398331595411887
"158886","CUNY City College",2004,157421.889604,0.38464447806354
"158887","CUNY City College",2005,162295.810655,0.413051726318452
"158888","CUNY City College",2006,164341.761874,0.42360097323601
"158889","CUNY City College",2007,168967.65625,0.439832617054965
"158890","CUNY City College",2008,175252.08086,0.441261061946903
"158891","CUNY City College",2009,184128.105281,0.434239677744209
"158892","CUNY City College",2010,195486.972885,0.444906838172704
"160106","New York University",2002,30984.082009,0.776295731707317
"160107","New York University",2003,31916.508923,0.785972523499638
"160108","New York University",2004,32299.407596,0.800353982300885
"160109","New York University",2005,33491.709896,0.828232971372162
"160110","New York University",2006,33937.556963,0.843709884467266
"160111","New York University",2007,34838.13275,0.842982722036981
"160112","New York University",2008,35660.484294,0.842137035919107
"160113","New York University",2009,36056.457259,0.848078641644325
"160114","New York University",2010,37076.724403,0.855558635985584
"161010","SUNY at Buffalo",2002,22624.911931,0.541449739687625
"161011","SUNY at Buffalo",2003,23034.555465,0.571060382916053
"161012","SUNY at Buffalo",2004,24084.447793,0.595246541326712
"161013","SUNY at Buffalo",2005,24265.767779,0.587774294670846
"161014","SUNY at Buffalo",2006,24337.642496,0.607785410533202
"161015","SUNY at Buffalo",2007,25010.486328125,0.612709030100334
"161016","SUNY at Buffalo",2008,25251.84958,0.619676460878178
"161017","University at Buffalo",2009,25446.85958,0.632064913262451
"161018","University at Buffalo",2010,25889.23494,0.665931295304129
"161027","Stony Brook University",2008,20572.542028,0.613607727845443
"161028","Stony Brook University",2009,21043.730634,0.670833333333333
"161029","Stony Brook University",2010,21690.953094,0.648305084745763
"162117","East Carolina University",2007,20775.119140625,0.544626021370207
"162118","East Carolina University",2008,22047.627348,0.543105869137883
"162119","East Carolina University",2009,23338.557685,0.568247541931752
"162120","East Carolina University",2010,23498.02833,0.561286583598957
"162639","University of North Carolina at Chapel Hill",2002,22861.89218,0.803363914373089
"162640","University of North Carolina at Chapel Hill",2003,23330.18851,0.828546307151231
"162641","University of North Carolina at Chapel Hill",2004,23588.241785,0.814014598540146
"162642","University of North Carolina at Chapel Hill",2005,23964.567885,0.837662337662338
"162643","University of North Carolina at Chapel Hill",2006,24250.540833,0.838520258367587
"162644","University of North Carolina at Chapel Hill",2007,24703.9921875,0.82559087204564
"162645","University of North Carolina at Chapel Hill",2008,25089.20095,0.856729377713459
"162646","University of North Carolina at Chapel Hill",2009,25571.231641,0.848761036741669
"162647","University of North Carolina at Chapel Hill",2010,25900.858286,0.881138392857143
"162658","University of North Carolina at Charlotte",2010,20788.064969,0.551750673335898
"162705","North Carolina State University at Raleigh",2002,24736.204683,0.641595441595442
"162706","North Carolina State University at Raleigh",2003,25081.145748,0.634477033757609
"162707","North Carolina State University at Raleigh",2004,25385.655781,0.670171555063641
"162708","North Carolina State University at Raleigh",2005,25493.804614,0.706299659477866
"162709","North Carolina State University at Raleigh",2006,25810.438935,0.702521459227468
"162710","North Carolina State University at Raleigh",2007,26749.83984375,0.698237305972113
"162711","North Carolina State University at Raleigh",2008,27596.413787,0.71519512870191
"162712","North Carolina State University at Raleigh",2009,28582.870356,0.734167318217357
"162713","North Carolina State University at Raleigh",2010,29433.374583,0.725659096841556
"163571","University of Akron Main Campus",2008,20346.905143,0.353144171779141
"163572","University of Akron Main Campus",2009,21347.761397,0.352919300855337
"163573","University of Akron Main Campus",2010,22964.031813,0.387242026266417
"164030","University of Cincinnati-Main Campus",2002,26865.990395,0.490345937248592
"164031","University of Cincinnati-Main Campus",2003,27205.082832,0.48823948681397
"164032","University of Cincinnati-Main Campus",2004,28083.504171,0.481830887491265
"164033","University of Cincinnati-Main Campus",2005,28425.664677,0.497333333333333
"164034","University of Cincinnati-Main Campus",2006,29077.156699,0.522614975294565
"164035","University of Cincinnati-Main Campus",2007,29355.2734375,0.521755438859715
"164036","University of Cincinnati-Main Campus",2008,30332.751355,0.553796183516037
"164037","University of Cincinnati-Main Campus",2009,30797.827737,0.549800796812749
"164038","University of Cincinnati-Main Campus",2010,32840.838895,0.557961359093937
"164649","Kent State University-Kent Campus",2002,27125.798952,0.462307692307692
"164650","Kent State University-Kent Campus",2003,28184.910007,0.490478041197046
"164651","Kent State University-Kent Campus",2004,29067.63648,0.491222259026168
"164652","Kent State University-Kent Campus",2005,29249.4766,0.460586881472957
"164653","Kent State University-Kent Campus",2006,28732.303186,0.465973003374578
"164654","Kent State University-Kent Campus",2007,29232.49609375,0.504395604395604
"164655","Kent State University-Kent Campus",2008,29783.346065,0.486073915372255
"164656","Kent State University Kent Campus",2009,30321.151972,0.41470927993839
"164657","Kent State University Kent Campus",2010,34627.147722,0.428598520766167
"164888","Miami University-Oxford",2006,20248.18934,0.697615188701088
"164891","Miami University-Oxford",2009,20029.599153,0.715069146399618
"164892","Miami University-Oxford",2010,20499.389018,0.698896972541657
"165248","Ohio State University-Main Campus",2002,49664.106623,0.52929238262752
"165249","Ohio State University-Main Campus",2003,51353.26019,0.555007535278805
"165250","Ohio State University-Main Campus",2004,52697.220865,0.560788464082551
"165251","Ohio State University-Main Campus",2005,52937.320404,0.603724443286886
"165252","Ohio State University-Main Campus",2006,52752.541025,0.6268637023354
"165253","Ohio State University-Main Campus",2007,54152.6328125,0.631846635367762
"165254","Ohio State University-Main Campus",2008,55449.588121,0.637224383916991
"165255","Ohio State University-Main Campus",2009,55928.169737,0.65366444579043
"165256","Ohio State University-Main Campus",2010,57255.909466,0.689646269042086
"165259","Ohio University-Main Campus",2002,24989.734107,0.595996140858659
"165260","Ohio University-Main Campus",2003,25713.933771,0.596861091590536
"165261","Ohio University-Main Campus",2004,25984.920897,0.604567035948451
"165262","Ohio University-Main Campus",2005,25618.774321,0.59888765294772
"165263","Ohio University-Main Campus",2006,25836.064799,0.62274678111588
"165264","Ohio University-Main Campus",2007,25571.169921875,0.628865979381443
"165265","Ohio University-Main Campus",2008,25842.129129,0.609020949123557
"165266","Ohio University-Main Campus",2009,26458.325563,0.605642903295283
"165267","Ohio University-Main Campus",2010,28256.931094,0.574504370070347
"165649","University of Toledo",2010,20139.91053,0.450933786078098
"166315","Oklahoma State University-Main Campus",2003,20233.761507,0.583369237397673
"166316","Oklahoma State University-Main Campus",2004,20589.606012,0.575077399380805
"166317","Oklahoma State University-Main Campus",2005,20652.694417,0.592486583184258
"166318","Oklahoma State University-Main Campus",2006,20520.888039,0.589795918367347
"166319","Oklahoma State University-Main Campus",2007,20275.984375,0.575708762886598
"166372","University of Oklahoma Norman Campus",2002,21119.58785,0.541650671785029
"166373","University of Oklahoma Norman Campus",2003,22288.945084,0.538860103626943
"166374","University of Oklahoma Norman Campus",2004,23013.25544,0.562261753494282
"166375","University of Oklahoma Norman Campus",2005,23295.189177,0.56207111665627
"166376","University of Oklahoma Norman Campus",2006,22467.029483,0.587793144918821
"166377","University of Oklahoma Norman Campus",2007,21889.40234375,0.62441443923946
"166378","University of Oklahoma Norman Campus",2008,21945.142739,0.617497999466524
"166379","University of Oklahoma Norman Campus",2009,22026.043873,0.644676857066238
"166380","University of Oklahoma Norman Campus",2010,21692.201838,0.644614079728584
"167117","University of Oregon",2009,20011.109459,0.700283085633404
"167118","University of Oregon",2010,20952.96819,0.678457616316125
"167204","Portland State University",2010,21083.458258,0.359761295822677
"169398","Pennsylvania State University-Main Campus",2002,68049.380884,0.630001732201628
"169399","Pennsylvania State University-Main Campus",2003,69254.026187,0.656520642394686
"169400","Pennsylvania State University-Main Campus",2004,69388.388254,0.653099664237163
"169401","Pennsylvania State University-Main Campus",2005,68263.489255,0.66996644295302
"169402","Pennsylvania State University-Main Campus",2006,67002.659315,0.681153662799936
"169403","Pennsylvania State University-Penn State Main Campus",2007,70526.421875,0.686291130461586
"169404","Pennsylvania State University-Main Campus",2008,72435.583316,0.687485101311085
"169405","Pennsylvania State University-Main Campus",2009,73889.766079,0.696551724137931
"169406","Pennsylvania State University-Main Campus",2010,74895.871803,0.70272712337769
"169536","University of Pennsylvania",2003,20253.697353,0.919104991394148
"169537","University of Pennsylvania",2004,20675.070911,0.936114732724902
"169538","University of Pennsylvania",2005,20831.206195,0.93880099916736
"169539","University of Pennsylvania",2006,21292.977867,0.942290748898678
"169540","University of Pennsylvania",2007,21137.193786,0.947754749568221
"169541","University of Pennsylvania",2008,21427.198793,0.951959544879899
"169542","University of Pennsylvania",2009,21667.517939,0.949537426408747
"169543","University of Pennsylvania",2010,22171.88577,0.955489614243323
"169618","University of Pittsburgh-Main Campus",2002,29517.510873,0.602394612122724
"169619","University of Pittsburgh-Main Campus",2003,29999.06254,0.616891891891892
"169620","University of Pittsburgh-Main Campus",2004,29930.468091,0.631035257130025
"169621","University of Pittsburgh-Main Campus",2005,30031.696494,0.642025089605735
"169622","University of Pittsburgh-Pittsburgh Campus",2006,29911.863366,0.668901734104046
"169623","University of Pittsburgh-Main Campus",2007,30199.634765625,0.691194968553459
"169624","University of Pittsburgh-Pittsburgh Campus",2008,30681.428262,0.697428139183056
"169625","University of Pittsburgh-Pittsburgh Campus",2009,31385.384826,0.70237571491421
"169626","University of Pittsburgh-Pittsburgh Campus",2010,32405.729118,0.697841726618705
"170156","Temple University",2002,24433.826151,0.470069605568445
"170157","Temple University",2003,26522.318211,0.536389413988658
"170158","Temple University",2004,27397.126686,0.536836935166994
"170159","Temple University",2005,28298.116956,0.573333333333333
"170160","Temple University",2006,28746.525492,0.585139318885449
"170161","Temple University",2007,29105.736328125,0.593927260593927
"170162","Temple University",2008,30094.554813,0.654489164086687
"170163","Temple University",2009,31464.715988,0.670486218643543
"170164","Temple University",2010,32665.250775,0.65440956651719
"171281","University of South Carolina-Columbia",2003,21322.184019,0.611510791366906
"171282","University of South Carolina-Columbia",2004,21771.231603,0.638606676342525
"171283","University of South Carolina-Columbia",2005,22312.04828,0.650231124807396
"171284","University of South Carolina-Columbia",2006,23422.418245,0.627070707070707
"171285","University of South Carolina-Columbia",2007,23817.06640625,0.628137589092036
"171286","University of South Carolina-Columbia",2008,23955.12087,0.667142857142857
"171287","University of South Carolina-Columbia",2009,24761.654632,0.690787561755304
"171288","University of South Carolina-Columbia",2010,25664.750241,0.675675675675676
"172522","Middle Tennessee State University",2007,20052.685546875,0.437230989956958
"172523","Middle Tennessee State University",2008,20342.200751,0.446808510638298
"172524","Middle Tennessee State University",2009,20859.711457,0.457892942379816
"172525","Middle Tennessee State University",2010,21907.84173,0.456095207462207
"172884","The University of Tennessee",2002,37772.118386,0.522645578720345
"172885","The University of Tennessee",2003,37661.924349,0.519564140663695
"172886","The University of Tennessee",2004,37186.330251,0.483577235772358
"172887","The University of Tennessee",2005,38288.770699,0.523994811932555
"172888","The University of Tennessee",2006,39279.016914,0.541652726664436
"172889","The University of Tennessee",2007,40263.4921875,0.525148908007942
"172890","The University of Tennessee",2008,42066.143853,0.539009497964722
"172891","The University of Tennessee",2009,43173.492571,0.542652817980589
"172892","The University of Tennessee",2010,43905.079481,0.530759439966059
"173273","Austin Community College District",2010,20696.747121,0.0277044854881266
"173991","Houston Community College System",2002,20523.539301,0.0989515072083879
"173992","Houston Community College System",2003,21624.783624,0.0949284785435631
"173993","Houston Community College System",2004,20779.090741,0.120689655172414
"173994","Houston Community College System",2005,21454.41013,0.107255520504732
"173995","Houston Community College System",2006,21369.663366,0.106466876971609
"173996","Houston Community College System",2007,23087.671875,0.0980926430517711
"173997","Houston Community College System",2008,23092.577013,0.104196816208394
"173998","Houston Community College System",2009,25508.996281,0.128597122302158
"173999","Houston Community College",2010,29619.630177,0.118173403270596
"174032","University of Houston",2002,26339.968982,0.37017310252996
"174033","University of Houston",2003,27619.993982,0.402021772939347
"174034","University of Houston",2004,28266.772176,0.387400980761977
"174035","University of Houston",2005,28380.56706,0.403231597845601
"174036","University of Houston",2006,28827.885267,0.422995031937544
"174037","University of Houston",2007,28177.705078125,0.426512065183328
"174038","University of Houston",2008,28475.846112,0.417886696371738
"174039","University of Houston",2009,29759.882915,0.407779578606159
"174040","University of Houston",2010,30567.646612,0.45678606638186
"174556","North Harris Montgomery Community College District",2008,22260.641106,0.076801890508074
"174557","Lone Star College System",2009,23251.804406,0.0856389986824769
"174558","Lone Star College System",2010,26533.597168,0.0733695652173913
"174572","University of North Texas",2002,22472.495436,0.384038800705467
"174573","University of North Texas",2003,24006.715431,0.387870855148342
"174574","University of North Texas",2004,24980.353476,0.396080032666394
"174575","University of North Texas",2005,25228.431492,0.433941198362486
"174576","University of North Texas",2006,25923.50126,0.450193593804998
"174577","University of North Texas",2007,27076.767578125,0.443453442739921
"174578","University of North Texas",2008,28090.043997,0.454326923076923
"174579","University of North Texas",2009,28233.967266,0.473493975903614
"174580","University of North Texas",2010,28338.81716,0.483519900497512
"174803","San Antonio College",2002,23542.744837,0.0403409090909091
"174804","San Antonio College",2003,25653.805481,0.0487549148099607
"174805","San Antonio College",2004,27414.097728,0.0582800284292822
"174806","San Antonio College",2005,28229.256997,0.055028901734104
"174807","San Antonio College",2006,27777.390826,0.054586129753915
"174808","San Antonio College",2007,27925.33203125,0.0567838026530137
"174809","San Antonio College",2008,27945.853808,0.0476075979802837
"174810","San Antonio College",2009,28657.737312,0.0559294499883964
"174811","San Antonio College",2010,31953.485733,0.0644323814019353
"175016","Texas State University-San Marcos",2003,20953.258545,0.464178464178464
"175017","Texas State University-San Marcos",2004,22004.855135,0.484953703703704
"175018","Texas State University-San Marcos",2005,22465.896794,0.521454842664487
"175019","Texas State University-San Marcos",2006,22839.571506,0.527459502173054
"175020","Texas State University-San Marcos",2007,23364.208984375,0.54759011745646
"175021","Texas State University-San Marcos",2008,24019.621043,0.543006731488407
"175022","Texas State University-San Marcos",2009,24783.591617,0.557842441447835
"175023","Texas State University-San Marcos",2010,26260.14227,0.554078332734459
"175136","Texas A & M University",2002,41649.475379,0.748972494467278
"175137","Texas A & M University",2003,41967.79859,0.751985735127249
"175138","Texas A & M University",2004,41555.069102,0.758965234054202
"175139","Texas A & M University",2005,41065.375853,0.773239225108875
"175140","Texas A & M University",2006,41662.708007,0.765741162190866
"175141","Texas A & M University",2007,42489.38671875,0.776909583798437
"175142","Texas A & M University",2008,43566.64194,0.782516315070572
"175143","Texas A & M University",2009,44812.451643,0.797307872906558
"175144","Texas A & M University",2010,45420.805497,0.798796087283672
"175158","The University of Texas at Austin",2002,133797.607125,0.49251384937865
"175159","The University of Texas at Austin",2003,143213.516171,0.507727073917481
"175160","The University of Texas at Austin",2004,150413.232559,0.51790712696476
"175161","The University of Texas at Austin",2005,155910.687837,0.540414397850223
"175162","The University of Texas at Austin",2006,157228.807438,0.53501213592233
"175163","The University of Texas at Austin",2007,159859.296875,0.533650498955674
"175164","The University of Texas at Austin",2008,161680.115772,0.514163002351979
"175165","The University of Texas at Austin",2009,163777.468774,0.481321140188734
"175166","The University of Texas at Austin",2010,170858.301911,0.495791408668731
"175265","Texas Tech University",2002,23276.174763,0.517345814977974
"175266","Texas Tech University",2003,24960.941189,0.53710027941633
"175267","Texas Tech University",2004,26043.045047,0.543982216576691
"175268","Texas Tech University",2005,25879.850438,0.548045841904202
"175269","Texas Tech University",2006,25742.595177,0.557028514257129
"175270","Texas Tech University",2007,25795.85546875,0.561963190184049
"175271","Texas Tech University",2008,26029.3696,0.574830726126547
"175272","Texas Tech University",2009,26185.025863,0.602272727272727
"175273","Texas Tech University",2010,27466.173853,0.625619619097313
"175608","Brigham Young University",2002,30106.810649,0.710933186085036
"175609","Brigham Young University",2003,29729.450079,0.736828512396694
"175610","Brigham Young University",2004,30296.054364,0.695923734385273
"175611","Brigham Young University",2005,30037.91915,0.703941338221815
"175612","Brigham Young University",2006,31223.034557,0.777777777777778
"175613","Brigham Young University",2007,31394.837121,0.778743315508021
"175614","Brigham Young University",2008,31496.780345,0.794328664161257
"175615","Brigham Young University",2009,31614.940036,0.766258503401361
"175616","Brigham Young University",2010,31674.381445,0.78077622801698
"175869","Utah State University",2010,20046.728438,0.537339556592765
"175880","Utah Valley University",2010,20595.998818,0.283302063789869
"175897","University of Utah",2002,21875.49526,0.488333333333333
"175898","University of Utah",2003,22930.055882,0.511722731906218
"175899","University of Utah",2004,23125.013715,0.475323149236193
"175900","University of Utah",2005,23526.439368,0.430504945340968
"175901","University of Utah",2006,24396.015682,0.462022254475085
"175902","University of Utah",2007,24184.775390625,0.559936068193926
"175903","University of Utah",2008,22844.923066,0.511213047910296
"175904","University of Utah",2009,22997.240444,0.575935828877005
"175905","University of Utah",2010,23990.10586,0.563845768652979
"176474","George Mason University",2005,20443.426115,0.528571428571429
"176475","George Mason University",2006,21119.882017,0.556509298998569
"176476","George Mason University",2007,21442.55078125,0.582688588007737
"176477","George Mason University",2008,21608.051859,0.609440074039796
"176478","George Mason University",2009,21917.33092,0.636239160200822
"176479","George Mason University",2010,23275.613871,0.634389140271493
"176610","Liberty University",2008,20248.42747,0.445687952600395
"176611","Liberty University",2009,24847.964885,0.443829551743221
"176612","Liberty University",2010,33289.445919,0.490968040759611
"176797","Northern Virginia Community College",2002,20151.494333,0.0825627476882431
"176798","Northern Virginia Community College",2003,21298.188291,0.0933955970647098
"176799","Northern Virginia Community College",2004,20868.674832,0.115577889447236
"176800","Northern Virginia Community College",2005,20702.392125,0.124235006119951
"176801","Northern Virginia Community College",2006,21133.425,0.124848484848485
"176802","Northern Virginia Community College",2007,21607.251953125,0.127363184079602
"176803","Northern Virginia Community College",2008,23799.204415,0.127320091175513
"176804","Northern Virginia Community College",2009,24264.907689,0.155089669108361
"176805","Northern Virginia Community College",2010,27176.686253,0.155909289140863
"177206","Virginia Polytechnic Institute and State University",2002,26134.507635,0.745035105315948
"177207","Virginia Polytechnic Institute and State University",2003,25981.088428,0.742152466367713
"177208","Virginia Polytechnic Institute and State University",2004,25902.346724,0.743550502842151
"177209","Virginia Polytechnic Institute and State University",2005,25803.514897,0.764105902777778
"177210","Virginia Polytechnic Institute and State University",2006,26213.721442,0.792265193370166
"177211","Virginia Polytechnic Institute and State University",2007,26709.544921875,0.775
"177212","Virginia Polytechnic Institute and State University",2008,28022.086683,0.785116877546644
"177213","Virginia Polytechnic Institute and State University",2009,28716.94849,0.799629324546952
"177214","Virginia Polytechnic Institute and State University",2010,28984.95288,0.799302277857583
"177235","Virginia Commonwealth University",2003,20537.42559,0.423908045977011
"177236","Virginia Commonwealth University",2004,21221.754177,0.407753386268099
"177237","Virginia Commonwealth University",2005,22563.669727,0.432724252491694
"177238","Virginia Commonwealth University",2006,23594.06956,0.452059925093633
"177239","Virginia Commonwealth University",2007,24662.95703125,0.471028037383178
"177240","Virginia Commonwealth University",2008,25890.170707,0.490046449900464
"177241","Virginia Commonwealth University",2009,26641.691132,0.501238390092879
"177242","Virginia Commonwealth University",2010,27182.880285,0.504127178232956
"177252","University of Virginia-Main Campus",2003,20238.297458,0.92002757669769
"177253","University of Virginia-Main Campus",2004,20415.976579,0.924164081351258
"177254","University of Virginia-Main Campus",2005,20766.251857,0.926369863013699
"177255","University of Virginia-Main Campus",2006,21002.204102,0.91986301369863
"177256","University of Virginia-Main Campus",2007,21503.056640625,0.932078009414929
"177257","University of Virginia-Main Campus",2008,21888.588584,0.930676490288011
"177258","University of Virginia-Main Campus",2009,22122.613501,0.929983792544571
"177259","University of Virginia-Main Campus",2010,22152.954682,0.926884503396959
"178241","Washington State University",2004,20196.39647,0.604294478527607
"178242","Washington State University",2005,20839.341015,0.631514657980456
"178243","Washington State University",2006,21060.763503,0.602459016393443
"178244","Washington State University",2007,21064.330078125,0.629126213592233
"178245","Washington State University",2008,21822.436767,0.668711656441718
"178246","Washington State University",2009,22676.874669,0.690690690690691
"178247","Washington State University",2010,23448.59758,0.689867270961476
"178250","University of Washington-Seattle Campus",2002,36704.347488,0.704935339139615
"178251","University of Washington-Seattle Campus",2003,38280.314655,0.705016106764841
"178252","University of Washington-Seattle Campus",2004,37986.930955,0.734274393263992
"178253","University of Washington-Seattle Campus",2005,38157.309468,0.742764528826117
"178254","University of Washington-Seattle Campus",2006,38219.735551,0.749213011542497
"178255","University of Washington-Seattle Campus",2007,38628.7265625,0.754160363086233
"178256","University of Washington-Seattle Campus",2008,39651.802336,0.769053601340034
"178257","University of Washington-Seattle Campus",2009,39651.054602,0.806790622473727
"178258","University of Washington-Seattle Campus",2010,46340.564462,0.803575097596055
"178871","West Virginia University",2002,23298.12064,0.544447770128704
"178872","West Virginia University",2003,24201.7048,0.624860335195531
"178873","West Virginia University",2004,25199.233922,0.537155580295018
"178874","West Virginia University",2005,26121.394394,0.529018454132121
"178875","West Virginia University",2006,26803.377953,0.539562516878207
"178876","West Virginia University",2007,27950.7259521484,0.54292343387471
"178877","West Virginia University",2008,28768.987406,0.543703346978088
"178878","West Virginia University",2009,29327.194986,0.54175498092412
"178879","West Virginia University",2010,29612.919956,0.576043068640646
"179773","University of Wisconsin-Madison",2002,38019.159766,0.75139043381535
"179774","University of Wisconsin-Madison",2003,38068.15033,0.758236101578586
"179775","University of Wisconsin-Madison",2004,38081.013948,0.759913482335977
"179776","University of Wisconsin-Madison",2005,37768.575837,0.767028985507246
"179777","University of Wisconsin-Madison",2006,38128.608783,0.777856635911994
"179778","University of Wisconsin-Madison",2007,38169.91796875,0.789752066115702
"179779","University of Wisconsin-Madison",2008,38652.224601,0.813411078717201
"179780","University of Wisconsin-Madison",2009,38760.197026,0.810012605798667
"179781","University of Wisconsin-Madison",2010,38821.510307,0.829802385615097
"179785","University of Wisconsin-Milwaukee",2003,20217.364955,0.389084507042254
"179786","University of Wisconsin-Milwaukee",2004,21341.280174,0.370871468364505
"179787","University of Wisconsin-Milwaukee",2005,22627.174035,0.419450631031923
"179788","University of Wisconsin-Milwaukee",2006,23464.214044,0.42733758918513
"179789","University of Wisconsin-Milwaukee",2007,24045.72265625,0.411927877947295
"179790","University of Wisconsin-Milwaukee",2008,25095.004351,0.418187539332914
"179791","University of Wisconsin-Milwaukee",2009,25036.336243,0.427341227125942
"179792","University of Wisconsin-Milwaukee",2010,26222.625655,0.434841141626279
"180551","University of Puerto Rico-Carolina",2002,20991.215078,0.33597994149603
"180552","University of Puerto Rico-Carolina",2003,21729.992587,0.381922196796339
"180553","University of Puerto Rico-Carolina",2004,20342.010302,0.401973265436028
"180559","University of Puerto Rico-Carolina",2010,20150.351413,0.375692064329027
"180562","University of Puerto Rico-Cayey University College",2002,40366.961786,0.505286588759043
"180563","University of Puerto Rico-Cayey University College",2003,40331.146518,0.47972972972973
"180564","University of Puerto Rico-Cayey University College",2004,39584.870027,0.489538549727716
"180565","University of Puerto Rico-Cayey University College",2005,40078.906717,0.473319873089126
"180566","University of Puerto Rico-Cayey University College",2006,38879.410993,0.467168363582706
"180567","University of Puerto Rico-Cayey University College",2007,38015.09765625,0.458477248836162
"180568","University of Puerto Rico-Cayey University College",2008,38586.192429,0.452328159645233
"180569","University of Puerto Rico at Cayey",2009,39528.640856,0.461186540731995
"180570","University of Puerto Rico at Cayey",2010,40674.304963,0.453858933695816
"180727","Purdue University-Main Campus",2002,36825.587744,0.654519640321817
"180728","Purdue University-Main Campus",2003,36991.805643,0.671691003297221
"180729","Purdue University-Main Campus",2004,37286.507208,0.653584905660377
"180730","Purdue University-Main Campus",2005,37149.625406,0.67829998448891
"180731","Purdue University-Main Campus",2006,37283.78743,0.716647186508599
"180732","Purdue University-Main Campus",2007,37765.25,0.706017757316672
"180733","Purdue University-Main Campus",2008,37786.162478,0.720470427816601
"180734","Purdue University-Main Campus",2009,38554.835521,0.697620236312198
"180735","Purdue University-Main Campus",2010,38187.307866,0.694514501891551
"182028","Kaplan University",2009,20737.485896,0.315068493150685
"182029","Kaplan University",2010,33389.025927,0.351190476190476
"184382","University of Phoenix-Online Campus",2002,28930,0.0140845070422535
"184383","University of Phoenix-Online Campus",2003,48085,0.0471869328493648
"184384","University of Phoenix-Online Campus",2004,75588,0.0534506089309878
"184385","University of Phoenix-Online Campus",2005,115794,0.0412876137158852
"184386","University of Phoenix-Online Campus",2006,117309,0.0505379850016303
"184387","University of Phoenix-Online Campus",2007,165373,0.0427181514138036
"184388","University of Phoenix-Online Campus",2008,224880,0.050673794409177
"184389","University of Phoenix-Online Campus",2009,301323,0.0416041770815975
"184390","University of Phoenix-Online Campus",2010,380232,0.0536267823930564
"188670","University of Phoenix-Southern California Campus",2002,24675,0.0487309644670051
"188671","University of Phoenix-Southern California Campus",2003,25386,0.0501453488372093
"188672","University of Phoenix-Southern California Campus",2004,26482,0.0662747194013896
"188673","University of Phoenix-Southern California Campus",2005,30746,0.0622537431048069
"188674","University of Phoenix-Southern California Campus",2006,29010,0.0817901234567901
"188675","University of Phoenix-Southern California Campus",2007,26261,0.0816181689141235
"188676","University of Phoenix-Southern California Campus",2008,21631,0.119877675840979
"188677","University of Phoenix-Southern California Campus",2009,21983,0.112111661413778
"188678","University of Phoenix-Southern California Campus",2010,22174,0.139130434782609
"200025","Colorado Technical University Online",2010,30924,0.114130434782609
"200452","American InterContinental University-Online",2010,25764.817792,0.2
"202196","Columbia Southern University",2009,20842.962517,0.108108108108108
